"paper","label","numeric"
31336,"Neural_Networks",1
1061127,"Rule_Learning",2
1106406,"Reinforcement_Learning",3
13195,"Reinforcement_Learning",3
37879,"Probabilistic_Methods",4
1126012,"Probabilistic_Methods",4
1107140,"Theory",5
1102850,"Neural_Networks",1
31349,"Neural_Networks",1
1106418,"Theory",5
1123188,"Neural_Networks",1
1128990,"Genetic_Algorithms",6
109323,"Probabilistic_Methods",4
217139,"Case_Based",7
31353,"Neural_Networks",1
32083,"Neural_Networks",1
1126029,"Reinforcement_Learning",3
1118017,"Neural_Networks",1
49482,"Neural_Networks",1
753265,"Neural_Networks",1
249858,"Theory",5
1113739,"Reinforcement_Learning",3
48766,"Genetic_Algorithms",6
646195,"Probabilistic_Methods",4
1126050,"Reinforcement_Learning",3
59626,"Theory",5
340299,"Neural_Networks",1
354004,"Probabilistic_Methods",4
242637,"Neural_Networks",1
1106492,"Rule_Learning",2
74975,"Case_Based",7
1152272,"Neural_Networks",1
100701,"Case_Based",7
66982,"Neural_Networks",1
13960,"Reinforcement_Learning",3
13966,"Reinforcement_Learning",3
66990,"Neural_Networks",1
182093,"Reinforcement_Learning",3
182094,"Genetic_Algorithms",6
13972,"Reinforcement_Learning",3
13982,"Theory",5
16819,"Probabilistic_Methods",4
273152,"Genetic_Algorithms",6
237521,"Neural_Networks",1
1153703,"Case_Based",7
32872,"Reinforcement_Learning",3
284025,"Neural_Networks",1
218666,"Case_Based",7
16843,"Probabilistic_Methods",4
1153724,"Case_Based",7
1153728,"Case_Based",7
158098,"Probabilistic_Methods",4
8699,"Theory",5
1134865,"Genetic_Algorithms",6
28456,"Theory",5
248425,"Genetic_Algorithms",6
1112319,"Theory",5
28471,"Reinforcement_Learning",3
175548,"Neural_Networks",1
696345,"Neural_Networks",1
28485,"Reinforcement_Learning",3
1139195,"Case_Based",7
35778,"Probabilistic_Methods",4
28491,"Reinforcement_Learning",3
310530,"Case_Based",7
1153784,"Genetic_Algorithms",6
1481,"Case_Based",7
1153786,"Probabilistic_Methods",4
13212,"Neural_Networks",1
1111614,"Case_Based",7
5055,"Theory",5
4329,"Probabilistic_Methods",4
330148,"Neural_Networks",1
1105062,"Reinforcement_Learning",3
4330,"Probabilistic_Methods",4
5062,"Case_Based",7
4335,"Probabilistic_Methods",4
158812,"Neural_Networks",1
40124,"Theory",5
1103610,"Theory",5
688361,"Neural_Networks",1
302545,"Probabilistic_Methods",4
20534,"Reinforcement_Learning",3
1031453,"Neural_Networks",1
5086,"Probabilistic_Methods",4
193742,"Reinforcement_Learning",3
58268,"Rule_Learning",2
424,"Rule_Learning",2
40151,"Theory",5
636098,"Theory",5
260121,"Neural_Networks",1
950052,"Neural_Networks",1
434,"Reinforcement_Learning",3
1131270,"Probabilistic_Methods",4
1131274,"Probabilistic_Methods",4
1131277,"Probabilistic_Methods",4
1110947,"Case_Based",7
662279,"Neural_Networks",1
1139928,"Theory",5
153063,"Probabilistic_Methods",4
134199,"Genetic_Algorithms",6
641956,"Neural_Networks",1
20584,"Neural_Networks",1
1130567,"Reinforcement_Learning",3
171225,"Neural_Networks",1
714879,"Probabilistic_Methods",4
37998,"Rule_Learning",2
50336,"Probabilistic_Methods",4
50337,"Probabilistic_Methods",4
15429,"Theory",5
23448,"Neural_Networks",1
1122574,"Neural_Networks",1
1110998,"Neural_Networks",1
853150,"Neural_Networks",1
15431,"Theory",5
646286,"Probabilistic_Methods",4
1152307,"Case_Based",7
1115291,"Probabilistic_Methods",4
1106547,"Reinforcement_Learning",3
68463,"Rule_Learning",2
59715,"Genetic_Algorithms",6
69198,"Neural_Networks",1
7272,"Neural_Networks",1
163235,"Neural_Networks",1
7276,"Neural_Networks",1
34315,"Neural_Networks",1
644843,"Probabilistic_Methods",4
7297,"Neural_Networks",1
628815,"Reinforcement_Learning",3
35061,"Genetic_Algorithms",6
68495,"Theory",5
1136310,"Probabilistic_Methods",4
18313,"Reinforcement_Learning",3
34355,"Neural_Networks",1
45212,"Neural_Networks",1
1153091,"Rule_Learning",2
8703,"Rule_Learning",2
126920,"Probabilistic_Methods",4
126927,"Probabilistic_Methods",4
595157,"Genetic_Algorithms",6
140005,"Theory",5
1117476,"Genetic_Algorithms",6
59798,"Neural_Networks",1
219446,"Neural_Networks",1
44514,"Neural_Networks",1
287787,"Genetic_Algorithms",6
157401,"Neural_Networks",1
1154500,"Case_Based",7
682666,"Reinforcement_Learning",3
399173,"Case_Based",7
198866,"Case_Based",7
51834,"Theory",5
200630,"Neural_Networks",1
782486,"Neural_Networks",1
1136393,"Neural_Networks",1
137849,"Probabilistic_Methods",4
1153811,"Rule_Learning",2
24966,"Theory",5
11148,"Rule_Learning",2
51866,"Theory",5
24974,"Neural_Networks",1
137868,"Probabilistic_Methods",4
28542,"Reinforcement_Learning",3
35,"Genetic_Algorithms",6
116021,"Theory",5
348305,"Rule_Learning",2
10430,"Case_Based",7
39403,"Reinforcement_Learning",3
40,"Genetic_Algorithms",6
282700,"Neural_Networks",1
1105116,"Probabilistic_Methods",4
35854,"Theory",5
63477,"Case_Based",7
124064,"Reinforcement_Learning",3
1120431,"Neural_Networks",1
949318,"Neural_Networks",1
649944,"Rule_Learning",2
63486,"Theory",5
1153866,"Rule_Learning",2
1140040,"Neural_Networks",1
1112426,"Neural_Networks",1
239800,"Theory",5
1131314,"Probabilistic_Methods",4
1153891,"Case_Based",7
1129835,"Rule_Learning",2
310653,"Probabilistic_Methods",4
1130600,"Reinforcement_Learning",3
1111733,"Neural_Networks",1
210871,"Genetic_Algorithms",6
210872,"Genetic_Algorithms",6
1132083,"Neural_Networks",1
132806,"Genetic_Algorithms",6
12631,"Neural_Networks",1
12638,"Neural_Networks",1
38771,"Neural_Networks",1
232605,"Rule_Learning",2
232606,"Rule_Learning",2
1107312,"Reinforcement_Learning",3
1114605,"Neural_Networks",1
68505,"Theory",5
133553,"Neural_Networks",1
144408,"Neural_Networks",1
23502,"Neural_Networks",1
1108050,"Neural_Networks",1
23507,"Neural_Networks",1
83826,"Neural_Networks",1
133563,"Neural_Networks",1
85299,"Neural_Networks",1
49660,"Theory",5
593060,"Genetic_Algorithms",6
341188,"Reinforcement_Learning",3
714975,"Probabilistic_Methods",4
1115375,"Neural_Networks",1
95435,"Reinforcement_Learning",3
145176,"Neural_Networks",1
1113934,"Case_Based",7
1132809,"Rule_Learning",2
22835,"Neural_Networks",1
1153148,"Probabilistic_Methods",4
41714,"Genetic_Algorithms",6
1118245,"Reinforcement_Learning",3
1152436,"Case_Based",7
1153166,"Case_Based",7
1153169,"Rule_Learning",2
38000,"Rule_Learning",2
1152448,"Case_Based",7
1137140,"Neural_Networks",1
30895,"Theory",5
5966,"Genetic_Algorithms",6
1136422,"Neural_Networks",1
27174,"Neural_Networks",1
1128407,"Case_Based",7
1124844,"Neural_Networks",1
1153195,"Neural_Networks",1
1113995,"Neural_Networks",1
1136442,"Neural_Networks",1
8821,"Case_Based",7
46079,"Genetic_Algorithms",6
119761,"Neural_Networks",1
1111052,"Reinforcement_Learning",3
315789,"Genetic_Algorithms",6
1108841,"Neural_Networks",1
1135746,"Theory",5
100935,"Genetic_Algorithms",6
353541,"Neural_Networks",1
60682,"Case_Based",7
253762,"Probabilistic_Methods",4
8872,"Reinforcement_Learning",3
714260,"Probabilistic_Methods",4
137956,"Rule_Learning",2
35922,"Probabilistic_Methods",4
2354,"Theory",5
168410,"Reinforcement_Learning",3
346292,"Neural_Networks",1
1153933,"Neural_Networks",1
1119751,"Theory",5
17798,"Case_Based",7
400356,"Neural_Networks",1
10531,"Neural_Networks",1
1110390,"Case_Based",7
714289,"Probabilistic_Methods",4
733167,"Neural_Networks",1
81714,"Case_Based",7
428610,"Neural_Networks",1
552469,"Theory",5
164885,"Genetic_Algorithms",6
81722,"Case_Based",7
111866,"Theory",5
194617,"Neural_Networks",1
93318,"Neural_Networks",1
134307,"Probabilistic_Methods",4
203646,"Neural_Networks",1
367312,"Neural_Networks",1
650814,"Genetic_Algorithms",6
93320,"Reinforcement_Learning",3
134315,"Probabilistic_Methods",4
134316,"Probabilistic_Methods",4
976334,"Reinforcement_Learning",3
1095507,"Probabilistic_Methods",4
134320,"Probabilistic_Methods",4
662416,"Probabilistic_Methods",4
194645,"Reinforcement_Learning",3
1131421,"Neural_Networks",1
161221,"Neural_Networks",1
38839,"Case_Based",7
38846,"Case_Based",7
133615,"Rule_Learning",2
1112574,"Theory",5
521207,"Case_Based",7
3828,"Case_Based",7
593105,"Genetic_Algorithms",6
390693,"Neural_Networks",1
642847,"Probabilistic_Methods",4
1122704,"Neural_Networks",1
4584,"Reinforcement_Learning",3
7419,"Reinforcement_Learning",3
30901,"Theory",5
1115456,"Neural_Networks",1
7432,"Reinforcement_Learning",3
573553,"Theory",5
1022969,"Case_Based",7
143801,"Neural_Networks",1
612306,"Rule_Learning",2
417017,"Case_Based",7
396412,"Neural_Networks",1
1107455,"Reinforcement_Learning",3
91975,"Reinforcement_Learning",3
180187,"Rule_Learning",2
27203,"Theory",5
1152508,"Genetic_Algorithms",6
69392,"Neural_Networks",1
1118332,"Neural_Networks",1
189577,"Probabilistic_Methods",4
1114777,"Case_Based",7
75969,"Rule_Learning",2
1132922,"Neural_Networks",1
1153254,"Rule_Learning",2
1117618,"Theory",5
6767,"Case_Based",7
27241,"Theory",5
27246,"Neural_Networks",1
95589,"Reinforcement_Learning",3
6771,"Theory",5
86840,"Theory",5
108962,"Probabilistic_Methods",4
6786,"Probabilistic_Methods",4
108963,"Probabilistic_Methods",4
108974,"Probabilistic_Methods",4
1117653,"Neural_Networks",1
1152569,"Genetic_Algorithms",6
1132968,"Neural_Networks",1
370366,"Neural_Networks",1
108983,"Probabilistic_Methods",4
399339,"Reinforcement_Learning",3
64319,"Theory",5
1110426,"Rule_Learning",2
1102407,"Neural_Networks",1
1127812,"Neural_Networks",1
1128542,"Neural_Networks",1
65057,"Probabilistic_Methods",4
159084,"Neural_Networks",1
159085,"Neural_Networks",1
65074,"Probabilistic_Methods",4
33895,"Genetic_Algorithms",6
2440,"Rule_Learning",2
1717,"Probabilistic_Methods",4
249421,"Neural_Networks",1
3187,"Probabilistic_Methods",4
591016,"Rule_Learning",2
1110494,"Neural_Networks",1
29492,"Neural_Networks",1
400473,"Neural_Networks",1
644334,"Probabilistic_Methods",4
949511,"Neural_Networks",1
205192,"Neural_Networks",1
763009,"Neural_Networks",1
169280,"Neural_Networks",1
1120643,"Genetic_Algorithms",6
645088,"Probabilistic_Methods",4
5348,"Neural_Networks",1
124296,"Neural_Networks",1
1121398,"Genetic_Algorithms",6
950305,"Neural_Networks",1
567018,"Neural_Networks",1
52000,"Neural_Networks",1
52003,"Neural_Networks",1
52007,"Neural_Networks",1
58540,"Reinforcement_Learning",3
436796,"Neural_Networks",1
948846,"Neural_Networks",1
8213,"Reinforcement_Learning",3
671293,"Probabilistic_Methods",4
1131550,"Genetic_Algorithms",6
899119,"Rule_Learning",2
1105394,"Reinforcement_Learning",3
85452,"Theory",5
1112686,"Probabilistic_Methods",4
69418,"Neural_Networks",1
8224,"Theory",5
145315,"Rule_Learning",2
575077,"Genetic_Algorithms",6
20850,"Theory",5
44017,"Theory",5
1135125,"Neural_Networks",1
286562,"Neural_Networks",1
1123553,"Reinforcement_Learning",3
1135137,"Neural_Networks",1
325314,"Neural_Networks",1
662572,"Neural_Networks",1
159897,"Probabilistic_Methods",4
1130856,"Genetic_Algorithms",6
96335,"Neural_Networks",1
755082,"Probabilistic_Methods",4
1123576,"Neural_Networks",1
1103979,"Neural_Networks",1
593260,"Genetic_Algorithms",6
601567,"Rule_Learning",2
1119140,"Neural_Networks",1
189655,"Probabilistic_Methods",4
31769,"Neural_Networks",1
1107567,"Theory",5
88356,"Probabilistic_Methods",4
1033,"Genetic_Algorithms",6
1034,"Genetic_Algorithms",6
1106849,"Neural_Networks",1
16470,"Neural_Networks",1
35343,"Neural_Networks",1
16471,"Neural_Networks",1
1154074,"Neural_Networks",1
16476,"Neural_Networks",1
23774,"Reinforcement_Learning",3
16485,"Neural_Networks",1
136665,"Reinforcement_Learning",3
94953,"Neural_Networks",1
9708,"Case_Based",7
38205,"Genetic_Algorithms",6
645897,"Probabilistic_Methods",4
216877,"Rule_Learning",2
18619,"Theory",5
559804,"Probabilistic_Methods",4
6898,"Neural_Networks",1
166420,"Theory",5
787016,"Genetic_Algorithms",6
73146,"Probabilistic_Methods",4
1136634,"Theory",5
1111230,"Reinforcement_Learning",3
3218,"Rule_Learning",2
3229,"Neural_Networks",1
193347,"Rule_Learning",2
84020,"Probabilistic_Methods",4
3231,"Theory",5
52847,"Theory",5
193352,"Rule_Learning",2
193354,"Rule_Learning",2
1110531,"Case_Based",7
686532,"Neural_Networks",1
711598,"Theory",5
1063773,"Neural_Networks",1
3243,"Theory",5
78994,"Neural_Networks",1
181782,"Reinforcement_Learning",3
284414,"Case_Based",7
114189,"Probabilistic_Methods",4
686559,"Neural_Networks",1
253971,"Neural_Networks",1
1106103,"Case_Based",7
1114125,"Reinforcement_Learning",3
75318,"Neural_Networks",1
45599,"Genetic_Algorithms",6
97892,"Case_Based",7
446271,"Probabilistic_Methods",4
1106112,"Reinforcement_Learning",3
280876,"Probabilistic_Methods",4
12182,"Theory",5
175909,"Case_Based",7
64484,"Reinforcement_Learning",3
6125,"Theory",5
1120713,"Case_Based",7
1114153,"Neural_Networks",1
12197,"Theory",5
248823,"Reinforcement_Learning",3
919885,"Neural_Networks",1
94229,"Neural_Networks",1
1120731,"Reinforcement_Learning",3
23069,"Probabilistic_Methods",4
6151,"Reinforcement_Learning",3
6155,"Reinforcement_Learning",3
23070,"Probabilistic_Methods",4
644448,"Probabilistic_Methods",4
1112723,"Neural_Networks",1
31097,"Case_Based",7
6169,"Reinforcement_Learning",3
1106172,"Reinforcement_Learning",3
6170,"Reinforcement_Learning",3
211875,"Neural_Networks",1
1109017,"Genetic_Algorithms",6
5454,"Neural_Networks",1
6184,"Reinforcement_Learning",3
10796,"Case_Based",7
10798,"Case_Based",7
1120777,"Neural_Networks",1
86258,"Theory",5
154134,"Case_Based",7
6196,"Reinforcement_Learning",3
20920,"Probabilistic_Methods",4
20923,"Probabilistic_Methods",4
22386,"Case_Based",7
1131639,"Neural_Networks",1
77515,"Theory",5
93555,"Neural_Networks",1
17201,"Reinforcement_Learning",3
644494,"Probabilistic_Methods",4
17208,"Reinforcement_Learning",3
1125082,"Genetic_Algorithms",6
1131647,"Neural_Networks",1
74698,"Probabilistic_Methods",4
13652,"Neural_Networks",1
20942,"Theory",5
390894,"Probabilistic_Methods",4
390896,"Probabilistic_Methods",4
1125092,"Reinforcement_Learning",3
13656,"Neural_Networks",1
1116347,"Reinforcement_Learning",3
13658,"Neural_Networks",1
114966,"Neural_Networks",1
120013,"Neural_Networks",1
1117089,"Reinforcement_Learning",3
57948,"Theory",5
334153,"Theory",5
160732,"Rule_Learning",2
1154103,"Probabilistic_Methods",4
12946,"Probabilistic_Methods",4
1104787,"Neural_Networks",1
17242,"Probabilistic_Methods",4
321861,"Theory",5
189721,"Probabilistic_Methods",4
1119211,"Neural_Networks",1
12960,"Theory",5
95718,"Theory",5
6910,"Neural_Networks",1
180373,"Neural_Networks",1
6917,"Rule_Learning",2
358884,"Theory",5
887,"Genetic_Algorithms",6
180399,"Neural_Networks",1
358894,"Theory",5
1154169,"Neural_Networks",1
120084,"Neural_Networks",1
1120019,"Neural_Networks",1
1152711,"Neural_Networks",1
1154176,"Genetic_Algorithms",6
424540,"Neural_Networks",1
1118546,"Probabilistic_Methods",4
643003,"Probabilistic_Methods",4
112099,"Case_Based",7
1104007,"Theory",5
1120049,"Neural_Networks",1
175256,"Genetic_Algorithms",6
45605,"Genetic_Algorithms",6
15889,"Case_Based",7
35490,"Case_Based",7
221302,"Case_Based",7
562123,"Neural_Networks",1
1104031,"Case_Based",7
1129442,"Neural_Networks",1
1129443,"Neural_Networks",1
1137466,"Genetic_Algorithms",6
328370,"Neural_Networks",1
1103315,"Reinforcement_Learning",3
12210,"Theory",5
1104055,"Theory",5
64519,"Reinforcement_Learning",3
114,"Reinforcement_Learning",3
1109873,"Neural_Networks",1
128,"Reinforcement_Learning",3
12238,"Theory",5
1112099,"Theory",5
18774,"Probabilistic_Methods",4
18777,"Probabilistic_Methods",4
130,"Reinforcement_Learning",3
23116,"Theory",5
948299,"Neural_Networks",1
6209,"Reinforcement_Learning",3
197054,"Reinforcement_Learning",3
6210,"Reinforcement_Learning",3
6213,"Reinforcement_Learning",3
6214,"Reinforcement_Learning",3
6216,"Reinforcement_Learning",3
6217,"Reinforcement_Learning",3
2653,"Theory",5
2658,"Neural_Networks",1
753047,"Theory",5
188318,"Neural_Networks",1
74700,"Probabilistic_Methods",4
67415,"Theory",5
6220,"Reinforcement_Learning",3
2665,"Neural_Networks",1
28957,"Probabilistic_Methods",4
143323,"Case_Based",7
340075,"Neural_Networks",1
1949,"Case_Based",7
1953,"Case_Based",7
1955,"Case_Based",7
1959,"Case_Based",7
390922,"Probabilistic_Methods",4
22431,"Rule_Learning",2
1113541,"Neural_Networks",1
1132418,"Neural_Networks",1
628500,"Reinforcement_Learning",3
648106,"Neural_Networks",1
1104809,"Neural_Networks",1
4804,"Theory",5
648112,"Neural_Networks",1
33301,"Case_Based",7
33303,"Case_Based",7
267824,"Neural_Networks",1
1138970,"Theory",5
13717,"Rule_Learning",2
1131719,"Rule_Learning",2
1120866,"Neural_Networks",1
1106287,"Neural_Networks",1
755217,"Reinforcement_Learning",3
647408,"Genetic_Algorithms",6
1116410,"Case_Based",7
1132459,"Neural_Networks",1
1105574,"Neural_Networks",1
1133196,"Genetic_Algorithms",6
307336,"Neural_Networks",1
906,"Neural_Networks",1
1131745,"Neural_Networks",1
1131748,"Neural_Networks",1
910,"Neural_Networks",1
943,"Case_Based",7
31927,"Neural_Networks",1
101261,"Theory",5
101263,"Theory",5
31932,"Neural_Networks",1
779960,"Neural_Networks",1
1135358,"Theory",5
1154230,"Probabilistic_Methods",4
1135368,"Neural_Networks",1
28227,"Reinforcement_Learning",3
32688,"Neural_Networks",1
189856,"Probabilistic_Methods",4
27510,"Theory",5
27514,"Neural_Networks",1
1154276,"Neural_Networks",1
27530,"Neural_Networks",1
1152821,"Neural_Networks",1
28265,"Case_Based",7
103430,"Neural_Networks",1
27543,"Neural_Networks",1
39126,"Probabilistic_Methods",4
28278,"Reinforcement_Learning",3
39131,"Case_Based",7
10169,"Theory",5
28287,"Reinforcement_Learning",3
1129518,"Probabilistic_Methods",4
1272,"Theory",5
194223,"Probabilistic_Methods",4
10177,"Theory",5
18811,"Probabilistic_Methods",4
18812,"Probabilistic_Methods",4
73327,"Case_Based",7
1117942,"Reinforcement_Learning",3
15984,"Probabilistic_Methods",4
202522,"Probabilistic_Methods",4
1152858,"Probabilistic_Methods",4
1152859,"Neural_Networks",1
10183,"Case_Based",7
81350,"Reinforcement_Learning",3
259126,"Neural_Networks",1
13024,"Rule_Learning",2
1120170,"Reinforcement_Learning",3
46452,"Rule_Learning",2
26850,"Neural_Networks",1
18832,"Reinforcement_Learning",3
18833,"Reinforcement_Learning",3
82098,"Genetic_Algorithms",6
103482,"Neural_Networks",1
158614,"Theory",5
46468,"Probabilistic_Methods",4
71904,"Neural_Networks",1
80656,"Neural_Networks",1
29708,"Neural_Networks",1
1128839,"Neural_Networks",1
1128846,"Neural_Networks",1
12330,"Neural_Networks",1
240321,"Neural_Networks",1
1128853,"Rule_Learning",2
219976,"Case_Based",7
38480,"Reinforcement_Learning",3
12350,"Theory",5
1104191,"Neural_Networks",1
7022,"Neural_Networks",1
63931,"Rule_Learning",2
68224,"Neural_Networks",1
1110768,"Neural_Networks",1
384428,"Neural_Networks",1
1107041,"Case_Based",7
1114352,"Neural_Networks",1
1107062,"Genetic_Algorithms",6
288,"Reinforcement_Learning",3
1107067,"Case_Based",7
91581,"Probabilistic_Methods",4
39904,"Neural_Networks",1
6334,"Case_Based",7
123825,"Neural_Networks",1
23258,"Reinforcement_Learning",3
66805,"Genetic_Algorithms",6
6346,"Case_Based",7
55968,"Reinforcement_Learning",3
368431,"Theory",5
179702,"Neural_Networks",1
1140547,"Neural_Networks",1
1114388,"Theory",5
90888,"Neural_Networks",1
510715,"Probabilistic_Methods",4
33412,"Neural_Networks",1
188471,"Reinforcement_Learning",3
1152143,"Theory",5
1120962,"Neural_Networks",1
1125258,"Neural_Networks",1
648232,"Neural_Networks",1
143476,"Probabilistic_Methods",4
1152150,"Neural_Networks",1
1117249,"Theory",5
25413,"Rule_Learning",2
1152162,"Neural_Networks",1
241821,"Neural_Networks",1
350362,"Theory",5
1116530,"Probabilistic_Methods",4
61069,"Genetic_Algorithms",6
1110000,"Probabilistic_Methods",4
646809,"Genetic_Algorithms",6
1105698,"Probabilistic_Methods",4
1152194,"Neural_Networks",1
198653,"Genetic_Algorithms",6
1116569,"Neural_Networks",1
77758,"Neural_Networks",1
854434,"Neural_Networks",1
1128151,"Genetic_Algorithms",6
1123867,"Theory",5
191404,"Probabilistic_Methods",4
1116594,"Neural_Networks",1
126793,"Probabilistic_Methods",4
43639,"Neural_Networks",1
44368,"Genetic_Algorithms",6
97390,"Genetic_Algorithms",6
87915,"Probabilistic_Methods",4
131117,"Neural_Networks",1
8581,"Neural_Networks",1
27606,"Theory",5
1115886,"Reinforcement_Learning",3
184157,"Reinforcement_Learning",3
8594,"Rule_Learning",2
1152904,"Neural_Networks",1
1120211,"Neural_Networks",1
28350,"Reinforcement_Learning",3
1152910,"Reinforcement_Learning",3
27627,"Theory",5
649731,"Neural_Networks",1
308920,"Probabilistic_Methods",4
289780,"Genetic_Algorithms",6
289781,"Genetic_Algorithms",6
19621,"Neural_Networks",1
1129608,"Neural_Networks",1
1365,"Neural_Networks",1
103543,"Probabilistic_Methods",4
28387,"Reinforcement_Learning",3
28389,"Reinforcement_Learning",3
43698,"Neural_Networks",1
54550,"Case_Based",7
1129621,"Neural_Networks",1
46536,"Neural_Networks",1
1129629,"Genetic_Algorithms",6
294126,"Rule_Learning",2
568857,"Genetic_Algorithms",6
447224,"Genetic_Algorithms",6
38537,"Probabilistic_Methods",4
1152975,"Case_Based",7
34979,"Theory",5
1104261,"Theory",5
139865,"Neural_Networks",1
56709,"Genetic_Algorithms",6
1128945,"Genetic_Algorithms",6
19697,"Neural_Networks",1
107177,"Theory",5
1131165,"Probabilistic_Methods",4
1128959,"Genetic_Algorithms",6
152219,"Neural_Networks",1
184918,"Neural_Networks",1
16008,"Probabilistic_Methods",4
1122425,"Reinforcement_Learning",3
928873,"Neural_Networks",1
206259,"Reinforcement_Learning",3
714748,"Probabilistic_Methods",4
1131189,"Probabilistic_Methods",4
217115,"Theory",5
560936,"Neural_Networks",1
1131198,"Genetic_Algorithms",6
1128985,"Genetic_Algorithms",6
466170,"Neural_Networks",1
429805,"Case_Based",7
561674,"Neural_Networks",1
654177,"Case_Based",7
95225,"Theory",5
37884,"Probabilistic_Methods",4
37888,"Probabilistic_Methods",4
1128997,"Genetic_Algorithms",6
545647,"Theory",5
42207,"Theory",5
42209,"Theory",5
82920,"Genetic_Algorithms",6
128202,"Theory",5
128203,"Theory",5
1134056,"Neural_Networks",1
1102873,"Neural_Networks",1
42221,"Theory",5
1107171,"Case_Based",7
1133338,"Genetic_Algorithms",6
67633,"Case_Based",7
375825,"Probabilistic_Methods",4
48781,"Genetic_Algorithms",6
75674,"Reinforcement_Learning",3
289088,"Neural_Networks",1
1152244,"Case_Based",7
13917,"Reinforcement_Learning",3
75695,"Neural_Networks",1
34257,"Neural_Networks",1
1117348,"Neural_Networks",1
574710,"Genetic_Algorithms",6
34263,"Neural_Networks",1
1128204,"Genetic_Algorithms",6
34266,"Neural_Networks",1
1128208,"Genetic_Algorithms",6
1116629,"Neural_Networks",1
110162,"Case_Based",7
110163,"Case_Based",7
110164,"Case_Based",7
628751,"Neural_Networks",1
708945,"Neural_Networks",1
1123926,"Theory",5
1152277,"Neural_Networks",1
77826,"Case_Based",7
77829,"Case_Based",7
8617,"Neural_Networks",1
242663,"Probabilistic_Methods",4
8619,"Neural_Networks",1
628764,"Neural_Networks",1
628766,"Neural_Networks",1
1125393,"Case_Based",7
66986,"Neural_Networks",1
646913,"Genetic_Algorithms",6
578309,"Neural_Networks",1
18251,"Case_Based",7
1152290,"Theory",5
954315,"Rule_Learning",2
212107,"Probabilistic_Methods",4
578337,"Neural_Networks",1
907845,"Neural_Networks",1
1127530,"Probabilistic_Methods",4
1128267,"Reinforcement_Learning",3
28412,"Reinforcement_Learning",3
594387,"Genetic_Algorithms",6
1127541,"Neural_Networks",1
44455,"Genetic_Algorithms",6
45188,"Theory",5
45189,"Theory",5
62607,"Rule_Learning",2
1127551,"Probabilistic_Methods",4
1123991,"Probabilistic_Methods",4
1127558,"Probabilistic_Methods",4
105057,"Theory",5
1128291,"Genetic_Algorithms",6
1127566,"Probabilistic_Methods",4
1154459,"Genetic_Algorithms",6
218682,"Case_Based",7
28447,"Case_Based",7
1153736,"Theory",5
62634,"Genetic_Algorithms",6
211432,"Theory",5
112378,"Case_Based",7
1113035,"Neural_Networks",1
1118848,"Neural_Networks",1
137790,"Theory",5
217984,"Neural_Networks",1
949217,"Neural_Networks",1
28473,"Reinforcement_Learning",3
1104300,"Probabilistic_Methods",4
1105033,"Reinforcement_Learning",3
11093,"Probabilistic_Methods",4
696342,"Neural_Networks",1
696343,"Neural_Networks",1
696346,"Neural_Networks",1
28487,"Reinforcement_Learning",3
5038,"Theory",5
195150,"Rule_Learning",2
62676,"Neural_Networks",1
13213,"Reinforcement_Learning",3
576973,"Genetic_Algorithms",6
35797,"Neural_Networks",1
134128,"Reinforcement_Learning",3
166825,"Case_Based",7
175576,"Theory",5
509379,"Theory",5
1113084,"Neural_Networks",1
53942,"Theory",5
642621,"Probabilistic_Methods",4
1131236,"Probabilistic_Methods",4
1112369,"Neural_Networks",1
446610,"Probabilistic_Methods",4
644093,"Probabilistic_Methods",4
411092,"Rule_Learning",2
642641,"Probabilistic_Methods",4
408885,"Probabilistic_Methods",4
1131258,"Probabilistic_Methods",4
1131267,"Probabilistic_Methods",4
13269,"Probabilistic_Methods",4
1104379,"Neural_Networks",1
1114502,"Genetic_Algorithms",6
1107215,"Case_Based",7
83725,"Genetic_Algorithms",6
84459,"Theory",5
642681,"Probabilistic_Methods",4
445938,"Probabilistic_Methods",4
1103676,"Neural_Networks",1
1130568,"Neural_Networks",1
1153003,"Neural_Networks",1
51045,"Probabilistic_Methods",4
12576,"Genetic_Algorithms",6
144330,"Theory",5
105865,"Neural_Networks",1
51052,"Probabilistic_Methods",4
746058,"Neural_Networks",1
1153014,"Probabilistic_Methods",4
641976,"Neural_Networks",1
561789,"Probabilistic_Methods",4
1130586,"Neural_Networks",1
368605,"Neural_Networks",1
1133428,"Neural_Networks",1
1113828,"Neural_Networks",1
129042,"Case_Based",7
129045,"Case_Based",7
6539,"Theory",5
1153031,"Neural_Networks",1
1122580,"Theory",5
1132706,"Case_Based",7
1152308,"Case_Based",7
105899,"Probabilistic_Methods",4
50354,"Neural_Networks",1
1121867,"Theory",5
1113852,"Theory",5
1153056,"Reinforcement_Learning",3
94641,"Genetic_Algorithms",6
1153065,"Genetic_Algorithms",6
1133469,"Reinforcement_Learning",3
35070,"Case_Based",7
576257,"Genetic_Algorithms",6
368657,"Neural_Networks",1
1129018,"Genetic_Algorithms",6
263069,"Genetic_Algorithms",6
1129027,"Genetic_Algorithms",6
1152358,"Genetic_Algorithms",6
1125467,"Probabilistic_Methods",4
1125469,"Probabilistic_Methods",4
72101,"Neural_Networks",1
40922,"Case_Based",7
1153097,"Neural_Networks",1
1109439,"Neural_Networks",1
423463,"Probabilistic_Methods",4
128383,"Case_Based",7
683360,"Probabilistic_Methods",4
1129040,"Genetic_Algorithms",6
52515,"Probabilistic_Methods",4
41666,"Theory",5
1128319,"Genetic_Algorithms",6
1152379,"Theory",5
1136342,"Genetic_Algorithms",6
1125492,"Genetic_Algorithms",6
1108728,"Rule_Learning",2
265203,"Genetic_Algorithms",6
628888,"Neural_Networks",1
1127619,"Rule_Learning",2
56112,"Genetic_Algorithms",6
56115,"Genetic_Algorithms",6
56119,"Genetic_Algorithms",6
89547,"Theory",5
51831,"Neural_Networks",1
91038,"Probabilistic_Methods",4
96847,"Genetic_Algorithms",6
521855,"Probabilistic_Methods",4
594483,"Genetic_Algorithms",6
1119623,"Probabilistic_Methods",4
96851,"Genetic_Algorithms",6
1136397,"Neural_Networks",1
158172,"Probabilistic_Methods",4
1127657,"Theory",5
131315,"Neural_Networks",1
131318,"Neural_Networks",1
289945,"Neural_Networks",1
62718,"Case_Based",7
229635,"Genetic_Algorithms",6
56167,"Case_Based",7
1119654,"Case_Based",7
51879,"Probabilistic_Methods",4
10435,"Case_Based",7
137873,"Probabilistic_Methods",4
168332,"Reinforcement_Learning",3
330208,"Neural_Networks",1
689152,"Neural_Networks",1
1120444,"Case_Based",7
1153877,"Case_Based",7
111770,"Probabilistic_Methods",4
1153879,"Case_Based",7
108047,"Genetic_Algorithms",6
1131300,"Probabilistic_Methods",4
362926,"Rule_Learning",2
129896,"Probabilistic_Methods",4
129897,"Probabilistic_Methods",4
59045,"Theory",5
1153889,"Case_Based",7
239810,"Case_Based",7
20601,"Theory",5
20602,"Theory",5
416964,"Neural_Networks",1
38722,"Theory",5
72908,"Rule_Learning",2
116081,"Rule_Learning",2
1153897,"Genetic_Algorithms",6
116084,"Rule_Learning",2
116087,"Rule_Learning",2
1113182,"Reinforcement_Learning",3
1131330,"Probabilistic_Methods",4
582139,"Neural_Networks",1
561809,"Probabilistic_Methods",4
14062,"Genetic_Algorithms",6
1104449,"Neural_Networks",1
39474,"Genetic_Algorithms",6
27895,"Theory",5
167670,"Probabilistic_Methods",4
1131345,"Neural_Networks",1
1131348,"Neural_Networks",1
14083,"Neural_Networks",1
1103737,"Theory",5
65650,"Theory",5
93273,"Theory",5
65653,"Theory",5
5194,"Neural_Networks",1
14090,"Probabilistic_Methods",4
1131360,"Genetic_Algorithms",6
1130634,"Neural_Networks",1
976284,"Theory",5
1130637,"Case_Based",7
593022,"Genetic_Algorithms",6
1131374,"Genetic_Algorithms",6
975567,"Genetic_Algorithms",6
133550,"Neural_Networks",1
145134,"Neural_Networks",1
1130653,"Case_Based",7
1130657,"Case_Based",7
1104495,"Neural_Networks",1
133566,"Neural_Networks",1
133567,"Neural_Networks",1
1122642,"Neural_Networks",1
1114629,"Reinforcement_Learning",3
91852,"Case_Based",7
91853,"Case_Based",7
376704,"Case_Based",7
1153101,"Rule_Learning",2
32276,"Theory",5
1130678,"Neural_Networks",1
83847,"Neural_Networks",1
8079,"Theory",5
593068,"Genetic_Algorithms",6
285675,"Neural_Networks",1
1130680,"Neural_Networks",1
1106630,"Neural_Networks",1
278394,"Neural_Networks",1
285687,"Neural_Networks",1
69284,"Genetic_Algorithms",6
6639,"Rule_Learning",2
14807,"Theory",5
152483,"Genetic_Algorithms",6
683404,"Probabilistic_Methods",4
593091,"Genetic_Algorithms",6
1117501,"Neural_Networks",1
99023,"Neural_Networks",1
99025,"Neural_Networks",1
513189,"Genetic_Algorithms",6
1152421,"Genetic_Algorithms",6
1153150,"Rule_Learning",2
99030,"Neural_Networks",1
1105932,"Rule_Learning",2
1153160,"Theory",5
1106671,"Neural_Networks",1
531348,"Probabilistic_Methods",4
577086,"Genetic_Algorithms",6
531351,"Probabilistic_Methods",4
25702,"Neural_Networks",1
87482,"Neural_Networks",1
135765,"Rule_Learning",2
135766,"Rule_Learning",2
1132864,"Probabilistic_Methods",4
22886,"Case_Based",7
1118286,"Rule_Learning",2
162664,"Probabilistic_Methods",4
1109542,"Probabilistic_Methods",4
1116835,"Neural_Networks",1
1116839,"Case_Based",7
1103016,"Neural_Networks",1
1128425,"Neural_Networks",1
1116842,"Theory",5
1136446,"Neural_Networks",1
1136447,"Neural_Networks",1
27199,"Theory",5
1125597,"Genetic_Algorithms",6
1132887,"Probabilistic_Methods",4
593813,"Genetic_Algorithms",6
594543,"Genetic_Algorithms",6
917493,"Neural_Networks",1
1128430,"Case_Based",7
51909,"Rule_Learning",2
1108834,"Neural_Networks",1
1128437,"Theory",5
989397,"Theory",5
97645,"Genetic_Algorithms",6
8832,"Case_Based",7
1103031,"Probabilistic_Methods",4
346243,"Theory",5
1119708,"Genetic_Algorithms",6
36620,"Case_Based",7
25772,"Neural_Networks",1
640617,"Genetic_Algorithms",6
8865,"Genetic_Algorithms",6
950986,"Neural_Networks",1
35905,"Neural_Networks",1
8875,"Genetic_Algorithms",6
25791,"Neural_Networks",1
100961,"Neural_Networks",1
738941,"Neural_Networks",1
64271,"Case_Based",7
3084,"Case_Based",7
3085,"Case_Based",7
28649,"Theory",5
3095,"Case_Based",7
3097,"Case_Based",7
1153943,"Genetic_Algorithms",6
1121254,"Probabilistic_Methods",4
74427,"Neural_Networks",1
231249,"Genetic_Algorithms",6
1105221,"Genetic_Algorithms",6
28674,"Theory",5
1129907,"Probabilistic_Methods",4
650807,"Genetic_Algorithms",6
348437,"Theory",5
1688,"Genetic_Algorithms",6
33013,"Reinforcement_Learning",3
38829,"Case_Based",7
307015,"Genetic_Algorithms",6
127033,"Genetic_Algorithms",6
310742,"Probabilistic_Methods",4
1694,"Genetic_Algorithms",6
650834,"Genetic_Algorithms",6
1131420,"Neural_Networks",1
193918,"Neural_Networks",1
85324,"Neural_Networks",1
642827,"Probabilistic_Methods",4
38845,"Case_Based",7
193931,"Neural_Networks",1
193932,"Neural_Networks",1
4553,"Rule_Learning",2
1116146,"Case_Based",7
85352,"Genetic_Algorithms",6
261040,"Case_Based",7
145215,"Case_Based",7
646412,"Probabilistic_Methods",4
1131464,"Neural_Networks",1
1131466,"Probabilistic_Methods",4
574264,"Genetic_Algorithms",6
458439,"Theory",5
57764,"Theory",5
646440,"Probabilistic_Methods",4
1111899,"Case_Based",7
521252,"Theory",5
1115471,"Rule_Learning",2
1123493,"Theory",5
601462,"Genetic_Algorithms",6
421481,"Probabilistic_Methods",4
385572,"Neural_Networks",1
30934,"Theory",5
84695,"Neural_Networks",1
189566,"Probabilistic_Methods",4
69397,"Theory",5
6741,"Theory",5
177998,"Genetic_Algorithms",6
395725,"Neural_Networks",1
61417,"Rule_Learning",2
54129,"Genetic_Algorithms",6
1118347,"Neural_Networks",1
1106764,"Rule_Learning",2
102406,"Theory",5
75972,"Rule_Learning",2
95579,"Reinforcement_Learning",3
54132,"Genetic_Algorithms",6
27243,"Theory",5
1153262,"Probabilistic_Methods",4
1153264,"Theory",5
30973,"Neural_Networks",1
1129208,"Theory",5
1106771,"Neural_Networks",1
27249,"Theory",5
95586,"Reinforcement_Learning",3
95588,"Reinforcement_Learning",3
255233,"Case_Based",7
6775,"Neural_Networks",1
129287,"Neural_Networks",1
27250,"Theory",5
19231,"Theory",5
1153275,"Theory",5
1132948,"Neural_Networks",1
1106789,"Probabilistic_Methods",4
95597,"Reinforcement_Learning",3
6784,"Neural_Networks",1
682815,"Genetic_Algorithms",6
1153280,"Genetic_Algorithms",6
148170,"Genetic_Algorithms",6
263279,"Genetic_Algorithms",6
1116922,"Rule_Learning",2
1152564,"Case_Based",7
1118388,"Case_Based",7
851968,"Neural_Networks",1
3101,"Case_Based",7
1129243,"Reinforcement_Learning",3
170798,"Case_Based",7
3112,"Case_Based",7
503877,"Genetic_Algorithms",6
17821,"Reinforcement_Learning",3
503883,"Genetic_Algorithms",6
561238,"Genetic_Algorithms",6
1110438,"Neural_Networks",1
575795,"Genetic_Algorithms",6
1116974,"Neural_Networks",1
272720,"Theory",5
415693,"Genetic_Algorithms",6
18582,"Genetic_Algorithms",6
11325,"Rule_Learning",2
11326,"Theory",5
1103162,"Reinforcement_Learning",3
1111186,"Neural_Networks",1
578645,"Genetic_Algorithms",6
578646,"Genetic_Algorithms",6
578649,"Genetic_Algorithms",6
1121313,"Case_Based",7
11335,"Rule_Learning",2
1102442,"Theory",5
11339,"Theory",5
52784,"Theory",5
11342,"Theory",5
1130080,"Neural_Networks",1
3191,"Probabilistic_Methods",4
3192,"Probabilistic_Methods",4
400455,"Neural_Networks",1
1135899,"Neural_Networks",1
591017,"Rule_Learning",2
751408,"Neural_Networks",1
1140230,"Neural_Networks",1
1140231,"Neural_Networks",1
1106052,"Case_Based",7
70970,"Genetic_Algorithms",6
67245,"Neural_Networks",1
67246,"Neural_Networks",1
205196,"Neural_Networks",1
135130,"Reinforcement_Learning",3
123556,"Neural_Networks",1
645084,"Probabilistic_Methods",4
1786,"Rule_Learning",2
66556,"Genetic_Algorithms",6
1130808,"Neural_Networks",1
4649,"Rule_Learning",2
582343,"Theory",5
395075,"Genetic_Algorithms",6
582349,"Neural_Networks",1
20833,"Case_Based",7
1131549,"Genetic_Algorithms",6
58552,"Neural_Networks",1
85449,"Neural_Networks",1
49811,"Theory",5
77438,"Probabilistic_Methods",4
4660,"Theory",5
66594,"Theory",5
66596,"Rule_Learning",2
314459,"Neural_Networks",1
1116268,"Theory",5
1103960,"Genetic_Algorithms",6
49843,"Rule_Learning",2
1103969,"Probabilistic_Methods",4
593240,"Genetic_Algorithms",6
207395,"Case_Based",7
593248,"Genetic_Algorithms",6
943087,"Theory",5
7532,"Neural_Networks",1
7537,"Neural_Networks",1
25181,"Neural_Networks",1
25184,"Neural_Networks",1
16437,"Neural_Networks",1
1103985,"Genetic_Algorithms",6
6814,"Probabilistic_Methods",4
6818,"Probabilistic_Methods",4
1154042,"Neural_Networks",1
23738,"Theory",5
1107558,"Probabilistic_Methods",4
137359,"Rule_Learning",2
16451,"Neural_Networks",1
318071,"Probabilistic_Methods",4
232860,"Neural_Networks",1
1107572,"Theory",5
49895,"Rule_Learning",2
16474,"Neural_Networks",1
1154076,"Genetic_Algorithms",6
626999,"Neural_Networks",1
137380,"Rule_Learning",2
1119178,"Case_Based",7
33904,"Genetic_Algorithms",6
1119180,"Case_Based",7
33907,"Genetic_Algorithms",6
174418,"Theory",5
70281,"Neural_Networks",1
73119,"Probabilistic_Methods",4
9716,"Theory",5
174425,"Theory",5
416455,"Genetic_Algorithms",6
18615,"Rule_Learning",2
127940,"Neural_Networks",1
1152663,"Reinforcement_Learning",3
675649,"Neural_Networks",1
1117760,"Reinforcement_Learning",3
1138091,"Case_Based",7
1152673,"Neural_Networks",1
321004,"Genetic_Algorithms",6
139547,"Neural_Networks",1
45533,"Neural_Networks",1
3217,"Theory",5
1111240,"Neural_Networks",1
523574,"Probabilistic_Methods",4
1110515,"Genetic_Algorithms",6
73162,"Probabilistic_Methods",4
52835,"Rule_Learning",2
3220,"Neural_Networks",1
3223,"Theory",5
1129367,"Genetic_Algorithms",6
1129368,"Genetic_Algorithms",6
1129369,"Genetic_Algorithms",6
84021,"Genetic_Algorithms",6
1127913,"Genetic_Algorithms",6
3233,"Probabilistic_Methods",4
3235,"Probabilistic_Methods",4
3236,"Theory",5
562067,"Probabilistic_Methods",4
3240,"Theory",5
92065,"Neural_Networks",1
213246,"Neural_Networks",1
911198,"Neural_Networks",1
12158,"Theory",5
20178,"Case_Based",7
20179,"Case_Based",7
80491,"Neural_Networks",1
561364,"Probabilistic_Methods",4
20180,"Case_Based",7
245955,"Reinforcement_Learning",3
1102548,"Case_Based",7
1817,"Genetic_Algorithms",6
31043,"Neural_Networks",1
1102550,"Genetic_Algorithms",6
20193,"Case_Based",7
1110579,"Case_Based",7
213279,"Neural_Networks",1
1133010,"Probabilistic_Methods",4
157761,"Theory",5
31055,"Neural_Networks",1
12194,"Theory",5
1133028,"Theory",5
578780,"Genetic_Algorithms",6
12198,"Theory",5
12199,"Theory",5
90655,"Neural_Networks",1
6130,"Neural_Networks",1
337766,"Case_Based",7
112787,"Case_Based",7
1133047,"Genetic_Algorithms",6
1105428,"Rule_Learning",2
785678,"Genetic_Algorithms",6
644441,"Probabilistic_Methods",4
672064,"Neural_Networks",1
41216,"Neural_Networks",1
1105433,"Probabilistic_Methods",4
1113459,"Reinforcement_Learning",3
55770,"Case_Based",7
6163,"Reinforcement_Learning",3
259701,"Genetic_Algorithms",6
259702,"Genetic_Algorithms",6
1131607,"Probabilistic_Methods",4
430329,"Neural_Networks",1
643734,"Neural_Networks",1
643735,"Neural_Networks",1
656048,"Case_Based",7
1131611,"Theory",5
617575,"Neural_Networks",1
1105450,"Theory",5
15076,"Neural_Networks",1
10793,"Theory",5
1117049,"Genetic_Algorithms",6
647315,"Genetic_Algorithms",6
33231,"Probabilistic_Methods",4
1116328,"Neural_Networks",1
1104749,"Genetic_Algorithms",6
594025,"Genetic_Algorithms",6
315266,"Probabilistic_Methods",4
643777,"Neural_Networks",1
1130927,"Neural_Networks",1
1132385,"Theory",5
1108329,"Case_Based",7
1130929,"Neural_Networks",1
1104769,"Probabilistic_Methods",4
594047,"Genetic_Algorithms",6
1130931,"Neural_Networks",1
1130934,"Neural_Networks",1
141868,"Case_Based",7
593329,"Genetic_Algorithms",6
144701,"Genetic_Algorithms",6
574462,"Genetic_Algorithms",6
60170,"Neural_Networks",1
120039,"Case_Based",7
502574,"Case_Based",7
293974,"Probabilistic_Methods",4
1119216,"Probabilistic_Methods",4
1108363,"Case_Based",7
191216,"Neural_Networks",1
469504,"Neural_Networks",1
358866,"Probabilistic_Methods",4
1116397,"Case_Based",7
191222,"Neural_Networks",1
36145,"Neural_Networks",1
1115677,"Neural_Networks",1
577331,"Genetic_Algorithms",6
31863,"Probabilistic_Methods",4
566488,"Case_Based",7
358887,"Probabilistic_Methods",4
6935,"Rule_Learning",2
6939,"Rule_Learning",2
197783,"Neural_Networks",1
34708,"Neural_Networks",1
1107674,"Genetic_Algorithms",6
248119,"Theory",5
318187,"Rule_Learning",2
1152714,"Neural_Networks",1
1154173,"Probabilistic_Methods",4
300071,"Probabilistic_Methods",4
1120020,"Reinforcement_Learning",3
423816,"Genetic_Algorithms",6
1106966,"Reinforcement_Learning",3
148341,"Genetic_Algorithms",6
136766,"Rule_Learning",2
325497,"Reinforcement_Learning",3
136767,"Theory",5
136768,"Rule_Learning",2
409255,"Neural_Networks",1
1152740,"Reinforcement_Learning",3
1117833,"Case_Based",7
309476,"Theory",5
1120059,"Neural_Networks",1
80515,"Neural_Networks",1
65212,"Neural_Networks",1
15892,"Case_Based",7
1120084,"Neural_Networks",1
576691,"Genetic_Algorithms",6
148399,"Theory",5
175291,"Neural_Networks",1
1112071,"Probabilistic_Methods",4
117,"Reinforcement_Learning",3
157805,"Theory",5
300806,"Neural_Networks",1
31105,"Neural_Networks",1
154982,"Probabilistic_Methods",4
141160,"Neural_Networks",1
112813,"Case_Based",7
98693,"Genetic_Algorithms",6
98698,"Genetic_Algorithms",6
192734,"Theory",5
12247,"Theory",5
1109891,"Neural_Networks",1
141171,"Neural_Networks",1
312409,"Neural_Networks",1
608190,"Genetic_Algorithms",6
608191,"Genetic_Algorithms",6
55801,"Case_Based",7
1136791,"Genetic_Algorithms",6
815073,"Neural_Networks",1
1114222,"Probabilistic_Methods",4
173884,"Probabilistic_Methods",4
1102646,"Neural_Networks",1
63832,"Genetic_Algorithms",6
211906,"Theory",5
83449,"Case_Based",7
2654,"Theory",5
815096,"Neural_Networks",1
277263,"Rule_Learning",2
1105505,"Neural_Networks",1
48550,"Neural_Networks",1
83461,"Rule_Learning",2
48555,"Neural_Networks",1
6238,"Theory",5
636500,"Theory",5
340078,"Neural_Networks",1
1113534,"Neural_Networks",1
578898,"Genetic_Algorithms",6
1951,"Case_Based",7
1952,"Case_Based",7
1956,"Case_Based",7
636511,"Neural_Networks",1
463825,"Theory",5
1121569,"Neural_Networks",1
1105531,"Probabilistic_Methods",4
14428,"Probabilistic_Methods",4
14429,"Probabilistic_Methods",4
74749,"Theory",5
14430,"Probabilistic_Methods",4
14431,"Probabilistic_Methods",4
1132434,"Neural_Networks",1
648121,"Neural_Networks",1
582511,"Theory",5
688849,"Neural_Networks",1
1997,"Probabilistic_Methods",4
1131728,"Case_Based",7
1106298,"Theory",5
86359,"Reinforcement_Learning",3
647413,"Genetic_Algorithms",6
1120880,"Neural_Networks",1
1131734,"Genetic_Algorithms",6
562940,"Rule_Learning",2
230879,"Neural_Networks",1
1104851,"Theory",5
1152075,"Theory",5
58758,"Genetic_Algorithms",6
230884,"Neural_Networks",1
34082,"Probabilistic_Methods",4
1132486,"Neural_Networks",1
39890,"Probabilistic_Methods",4
66782,"Rule_Learning",2
218410,"Reinforcement_Learning",3
647447,"Genetic_Algorithms",6
1117184,"Case_Based",7
66794,"Probabilistic_Methods",4
227178,"Genetic_Algorithms",6
936,"Case_Based",7
940,"Case_Based",7
575292,"Genetic_Algorithms",6
941,"Case_Based",7
1109185,"Neural_Networks",1
85688,"Rule_Learning",2
28202,"Reinforcement_Learning",3
50807,"Genetic_Algorithms",6
379288,"Case_Based",7
1154229,"Probabilistic_Methods",4
1109199,"Genetic_Algorithms",6
118682,"Probabilistic_Methods",4
153598,"Reinforcement_Learning",3
1154251,"Neural_Networks",1
62417,"Probabilistic_Methods",4
1125909,"Probabilistic_Methods",4
79809,"Theory",5
739280,"Neural_Networks",1
70441,"Case_Based",7
70442,"Case_Based",7
70444,"Case_Based",7
79817,"Probabilistic_Methods",4
129558,"Case_Based",7
892139,"Reinforcement_Learning",3
576725,"Genetic_Algorithms",6
28254,"Neural_Networks",1
1246,"Reinforcement_Learning",3
237376,"Theory",5
27531,"Neural_Networks",1
397488,"Genetic_Algorithms",6
42847,"Neural_Networks",1
42848,"Genetic_Algorithms",6
155736,"Theory",5
155738,"Theory",5
39124,"Case_Based",7
39127,"Rule_Learning",2
39130,"Case_Based",7
1153577,"Genetic_Algorithms",6
335733,"Genetic_Algorithms",6
28290,"Reinforcement_Learning",3
18815,"Case_Based",7
1136814,"Genetic_Algorithms",6
1120169,"Theory",5
82087,"Genetic_Algorithms",6
178209,"Rule_Learning",2
139738,"Neural_Networks",1
82090,"Genetic_Algorithms",6
18834,"Reinforcement_Learning",3
39165,"Probabilistic_Methods",4
190698,"Neural_Networks",1
1125992,"Case_Based",7
1109957,"Reinforcement_Learning",3
46470,"Theory",5
46476,"Rule_Learning",2
1129570,"Genetic_Algorithms",6
1071981,"Reinforcement_Learning",3
1129573,"Genetic_Algorithms",6
39199,"Neural_Networks",1
12337,"Neural_Networks",1
29723,"Probabilistic_Methods",4
694759,"Genetic_Algorithms",6
46491,"Theory",5
1128856,"Rule_Learning",2
1107010,"Case_Based",7
643199,"Genetic_Algorithms",6
1104182,"Reinforcement_Learning",3
12347,"Neural_Networks",1
63915,"Neural_Networks",1
519353,"Probabilistic_Methods",4
608292,"Genetic_Algorithms",6
1121603,"Neural_Networks",1
1130356,"Theory",5
12359,"Neural_Networks",1
192850,"Theory",5
7032,"Probabilistic_Methods",4
1128881,"Rule_Learning",2
140569,"Neural_Networks",1
1114331,"Genetic_Algorithms",6
7041,"Neural_Networks",1
561581,"Probabilistic_Methods",4
561582,"Probabilistic_Methods",4
192870,"Neural_Networks",1
1113614,"Reinforcement_Learning",3
1102761,"Case_Based",7
116528,"Theory",5
561595,"Probabilistic_Methods",4
94416,"Rule_Learning",2
5600,"Case_Based",7
1000012,"Rule_Learning",2
1114364,"Neural_Networks",1
1121659,"Probabilistic_Methods",4
66809,"Reinforcement_Learning",3
6343,"Case_Based",7
212777,"Rule_Learning",2
583318,"Genetic_Algorithms",6
709518,"Neural_Networks",1
350319,"Neural_Networks",1
116553,"Genetic_Algorithms",6
170338,"Reinforcement_Learning",3
179706,"Neural_Networks",1
1112929,"Neural_Networks",1
656231,"Case_Based",7
14531,"Case_Based",7
1106370,"Neural_Networks",1
1109208,"Genetic_Algorithms",6
1114398,"Neural_Networks",1
95188,"Case_Based",7
510718,"Probabilistic_Methods",4
208345,"Case_Based",7
6378,"Reinforcement_Learning",3
22563,"Neural_Networks",1
10981,"Neural_Networks",1
110041,"Genetic_Algorithms",6
14549,"Theory",5
95198,"Case_Based",7
6385,"Reinforcement_Learning",3
575331,"Genetic_Algorithms",6
568045,"Rule_Learning",2
1136110,"Neural_Networks",1
1131828,"Case_Based",7
67584,"Probabilistic_Methods",4
243274,"Neural_Networks",1
135464,"Neural_Networks",1
1105672,"Neural_Networks",1
93755,"Theory",5
756061,"Neural_Networks",1
522338,"Probabilistic_Methods",4
219239,"Theory",5
61073,"Genetic_Algorithms",6
262178,"Genetic_Algorithms",6
686015,"Neural_Networks",1
1110024,"Case_Based",7
613409,"Probabilistic_Methods",4
686030,"Neural_Networks",1
227286,"Neural_Networks",1
45061,"Theory",5
646836,"Genetic_Algorithms",6
1108551,"Theory",5
13885,"Neural_Networks",1
1104999,"Genetic_Algorithms",6
566653,"Case_Based",7
1127430,"Genetic_Algorithms",6
299197,"Neural_Networks",1
1135455,"Neural_Networks",1
97377,"Theory",5
592826,"Rule_Learning",2
566664,"Case_Based",7
633030,"Probabilistic_Methods",4
633031,"Probabilistic_Methods",4
686061,"Theory",5
592830,"Rule_Learning",2
573964,"Genetic_Algorithms",6
1155073,"Rule_Learning",2
17476,"Reinforcement_Learning",3
17477,"Genetic_Algorithms",6
190706,"Genetic_Algorithms",6
28336,"Genetic_Algorithms",6
573978,"Genetic_Algorithms",6
1107861,"Theory",5
17488,"Reinforcement_Learning",3
1128198,"Genetic_Algorithms",6
1108597,"Case_Based",7
103515,"Genetic_Algorithms",6
27623,"Neural_Networks",1
200480,"Case_Based",7
103529,"Case_Based",7
649730,"Neural_Networks",1
39210,"Neural_Networks",1
46501,"Theory",5
27632,"Reinforcement_Learning",3
649739,"Neural_Networks",1
1119471,"Theory",5
103531,"Case_Based",7
470511,"Case_Based",7
509233,"Theory",5
236759,"Neural_Networks",1
237489,"Neural_Networks",1
1152944,"Reinforcement_Learning",3
1118764,"Theory",5
643221,"Probabilistic_Methods",4
212097,"Probabilistic_Methods",4
608326,"Genetic_Algorithms",6
643239,"Probabilistic_Methods",4
1131116,"Genetic_Algorithms",6
202639,"Neural_Networks",1
141324,"Genetic_Algorithms",6
294145,"Rule_Learning",2
1128927,"Rule_Learning",2
561610,"Probabilistic_Methods",4
561611,"Probabilistic_Methods",4
147870,"Neural_Networks",1
248395,"Neural_Networks",1
1128935,"Rule_Learning",2
241133,"Theory",5
141342,"Genetic_Algorithms",6
141347,"Genetic_Algorithms",6
1128946,"Genetic_Algorithms",6
1131164,"Probabilistic_Methods",4
12439,"Neural_Networks",1
1131167,"Probabilistic_Methods",4
1129683,"Genetic_Algorithms",6
359067,"Case_Based",7
117315,"Genetic_Algorithms",6
117316,"Genetic_Algorithms",6
144212,"Genetic_Algorithms",6
1106401,"Theory",5
1134022,"Genetic_Algorithms",6
13193,"Reinforcement_Learning",3
1131192,"Probabilistic_Methods",4
1107136,"Genetic_Algorithms",6
1131195,"Neural_Networks",1
1128982,"Genetic_Algorithms",6
121792,"Neural_Networks",1
653441,"Probabilistic_Methods",4
385251,"Theory",5
1126011,"Probabilistic_Methods",4
1134031,"Rule_Learning",2
642593,"Neural_Networks",1
1115166,"Case_Based",7
737204,"Neural_Networks",1
118079,"Reinforcement_Learning",3
1122460,"Neural_Networks",1
1114442,"Genetic_Algorithms",6
589923,"Probabilistic_Methods",4
1121739,"Reinforcement_Learning",3
626574,"Probabilistic_Methods",4
1126037,"Neural_Networks",1
645452,"Probabilistic_Methods",4
753264,"Theory",5
1126044,"Neural_Networks",1
74920,"Probabilistic_Methods",4
74921,"Probabilistic_Methods",4
1105718,"Neural_Networks",1
48764,"Reinforcement_Learning",3
48768,"Reinforcement_Learning",3
1113742,"Genetic_Algorithms",6
74937,"Neural_Networks",1
575402,"Genetic_Algorithms",6
168958,"Neural_Networks",1
78508,"Neural_Networks",1
289085,"Neural_Networks",1
78511,"Genetic_Algorithms",6
308232,"Rule_Learning",2
682508,"Probabilistic_Methods",4
75691,"Neural_Networks",1
75693,"Reinforcement_Learning",3
75694,"Reinforcement_Learning",3
155158,"Rule_Learning",2
1105764,"Reinforcement_Learning",3
1152259,"Probabilistic_Methods",4
579008,"Genetic_Algorithms",6
1128201,"Genetic_Algorithms",6
1133390,"Theory",5
1118083,"Neural_Networks",1
78549,"Neural_Networks",1
604073,"Neural_Networks",1
595056,"Genetic_Algorithms",6
1118092,"Reinforcement_Learning",3
1125386,"Theory",5
78552,"Neural_Networks",1
78555,"Neural_Networks",1
78557,"Neural_Networks",1
646900,"Genetic_Algorithms",6
595063,"Genetic_Algorithms",6
648369,"Neural_Networks",1
1128227,"Genetic_Algorithms",6
89416,"Probabilistic_Methods",4
578306,"Neural_Networks",1
683294,"Probabilistic_Methods",4
440815,"Probabilistic_Methods",4
126867,"Case_Based",7
126868,"Case_Based",7
72056,"Neural_Networks",1
1119505,"Genetic_Algorithms",6
1128256,"Theory",5
1108656,"Case_Based",7
71336,"Neural_Networks",1
1109392,"Neural_Networks",1
40886,"Neural_Networks",1
1115959,"Neural_Networks",1
578347,"Neural_Networks",1
284023,"Neural_Networks",1
345340,"Reinforcement_Learning",3
621555,"Neural_Networks",1
118873,"Neural_Networks",1
8687,"Rule_Learning",2
226698,"Neural_Networks",1
578365,"Neural_Networks",1
1135589,"Neural_Networks",1
8696,"Theory",5
1118823,"Theory",5
411005,"Neural_Networks",1
509315,"Genetic_Algorithms",6
171954,"Theory",5
230300,"Reinforcement_Learning",3
1105011,"Probabilistic_Methods",4
1121057,"Case_Based",7
592973,"Genetic_Algorithms",6
592975,"Genetic_Algorithms",6
48066,"Theory",5
248431,"Genetic_Algorithms",6
1121063,"Theory",5
592986,"Genetic_Algorithms",6
48075,"Rule_Learning",2
289885,"Probabilistic_Methods",4
592993,"Genetic_Algorithms",6
592996,"Genetic_Algorithms",6
28489,"Reinforcement_Learning",3
590022,"Probabilistic_Methods",4
111676,"Case_Based",7
13205,"Reinforcement_Learning",3
13208,"Reinforcement_Learning",3
102938,"Neural_Networks",1
102939,"Neural_Networks",1
416867,"Theory",5
72805,"Rule_Learning",2
574009,"Genetic_Algorithms",6
294239,"Neural_Networks",1
1131223,"Probabilistic_Methods",4
77108,"Theory",5
5064,"Case_Based",7
5069,"Case_Based",7
1131230,"Probabilistic_Methods",4
40125,"Probabilistic_Methods",4
1123215,"Theory",5
20526,"Reinforcement_Learning",3
20528,"Case_Based",7
77112,"Theory",5
107251,"Theory",5
107252,"Theory",5
5075,"Case_Based",7
126128,"Neural_Networks",1
734406,"Neural_Networks",1
40131,"Neural_Networks",1
703953,"Probabilistic_Methods",4
40135,"Neural_Networks",1
1131257,"Probabilistic_Methods",4
1123239,"Neural_Networks",1
1129778,"Genetic_Algorithms",6
662250,"Neural_Networks",1
711994,"Neural_Networks",1
273949,"Theory",5
1131266,"Probabilistic_Methods",4
1130539,"Case_Based",7
377303,"Genetic_Algorithms",6
179180,"Neural_Networks",1
1129798,"Genetic_Algorithms",6
1114512,"Rule_Learning",2
1110950,"Case_Based",7
12558,"Genetic_Algorithms",6
853114,"Neural_Networks",1
853115,"Neural_Networks",1
853116,"Neural_Networks",1
853118,"Neural_Networks",1
1114526,"Theory",5
212930,"Neural_Networks",1
206371,"Genetic_Algorithms",6
105856,"Neural_Networks",1
463,"Case_Based",7
20592,"Neural_Networks",1
51049,"Probabilistic_Methods",4
20593,"Neural_Networks",1
83746,"Neural_Networks",1
124734,"Theory",5
106590,"Probabilistic_Methods",4
1133417,"Probabilistic_Methods",4
1125402,"Probabilistic_Methods",4
1153024,"Probabilistic_Methods",4
853155,"Neural_Networks",1
1118120,"Neural_Networks",1
1105810,"Case_Based",7
1113831,"Genetic_Algorithms",6
646289,"Probabilistic_Methods",4
1106546,"Probabilistic_Methods",4
31479,"Probabilistic_Methods",4
31483,"Probabilistic_Methods",4
31489,"Probabilistic_Methods",4
94639,"Genetic_Algorithms",6
631015,"Neural_Networks",1
645571,"Probabilistic_Methods",4
1106568,"Neural_Networks",1
430711,"Neural_Networks",1
7296,"Neural_Networks",1
1132731,"Genetic_Algorithms",6
1153064,"Theory",5
93923,"Rule_Learning",2
1134197,"Neural_Networks",1
87363,"Genetic_Algorithms",6
395540,"Probabilistic_Methods",4
395547,"Neural_Networks",1
50381,"Theory",5
1129015,"Genetic_Algorithms",6
126909,"Probabilistic_Methods",4
143676,"Neural_Networks",1
395553,"Neural_Networks",1
752684,"Neural_Networks",1
1129021,"Genetic_Algorithms",6
19045,"Genetic_Algorithms",6
631052,"Neural_Networks",1
126912,"Probabilistic_Methods",4
116790,"Probabilistic_Methods",4
5869,"Neural_Networks",1
579108,"Genetic_Algorithms",6
683355,"Probabilistic_Methods",4
1105877,"Probabilistic_Methods",4
59772,"Neural_Networks",1
243483,"Genetic_Algorithms",6
126926,"Probabilistic_Methods",4
155277,"Probabilistic_Methods",4
1128314,"Genetic_Algorithms",6
1105887,"Rule_Learning",2
1110209,"Probabilistic_Methods",4
307656,"Genetic_Algorithms",6
199571,"Neural_Networks",1
1152394,"Neural_Networks",1
60560,"Neural_Networks",1
595193,"Genetic_Algorithms",6
990075,"Case_Based",7
119686,"Neural_Networks",1
1154520,"Neural_Networks",1
28504,"Reinforcement_Learning",3
1154524,"Rule_Learning",2
1154525,"Rule_Learning",2
1129096,"Reinforcement_Learning",3
1128369,"Genetic_Algorithms",6
96845,"Genetic_Algorithms",6
380341,"Neural_Networks",1
8766,"Rule_Learning",2
1110256,"Theory",5
55403,"Rule_Learning",2
389715,"Theory",5
1153816,"Genetic_Algorithms",6
131317,"Neural_Networks",1
260979,"Theory",5
264556,"Neural_Networks",1
35852,"Reinforcement_Learning",3
1119671,"Neural_Networks",1
1153853,"Genetic_Algorithms",6
1112417,"Probabilistic_Methods",4
1153860,"Genetic_Algorithms",6
1153861,"Neural_Networks",1
35863,"Reinforcement_Learning",3
1121176,"Case_Based",7
1131301,"Probabilistic_Methods",4
1131305,"Probabilistic_Methods",4
1105148,"Reinforcement_Learning",3
134219,"Genetic_Algorithms",6
671052,"Neural_Networks",1
1131312,"Probabilistic_Methods",4
156794,"Probabilistic_Methods",4
1153896,"Genetic_Algorithms",6
1153899,"Genetic_Algorithms",6
167656,"Theory",5
239829,"Case_Based",7
1104435,"Probabilistic_Methods",4
187260,"Case_Based",7
231198,"Neural_Networks",1
1131334,"Probabilistic_Methods",4
1131335,"Probabilistic_Methods",4
142268,"Probabilistic_Methods",4
504,"Probabilistic_Methods",4
506,"Probabilistic_Methods",4
228990,"Neural_Networks",1
228992,"Neural_Networks",1
1132073,"Neural_Networks",1
654326,"Genetic_Algorithms",6
1116044,"Probabilistic_Methods",4
1131359,"Genetic_Algorithms",6
643485,"Probabilistic_Methods",4
654339,"Genetic_Algorithms",6
1107319,"Theory",5
132821,"Theory",5
360028,"Theory",5
214472,"Reinforcement_Learning",3
646334,"Probabilistic_Methods",4
653628,"Rule_Learning",2
1107325,"Case_Based",7
166989,"Theory",5
1111788,"Theory",5
151708,"Neural_Networks",1
118259,"Reinforcement_Learning",3
32260,"Theory",5
137130,"Probabilistic_Methods",4
92589,"Probabilistic_Methods",4
118260,"Reinforcement_Learning",3
124828,"Neural_Networks",1
141596,"Neural_Networks",1
197452,"Neural_Networks",1
646357,"Probabilistic_Methods",4
1153106,"Neural_Networks",1
30817,"Neural_Networks",1
642798,"Probabilistic_Methods",4
1130676,"Neural_Networks",1
1107355,"Reinforcement_Learning",3
1118209,"Theory",5
987188,"Neural_Networks",1
87417,"Genetic_Algorithms",6
23545,"Theory",5
23546,"Rule_Learning",2
1113926,"Neural_Networks",1
94713,"Probabilistic_Methods",4
1107367,"Case_Based",7
987197,"Theory",5
521183,"Case_Based",7
1114664,"Case_Based",7
69296,"Genetic_Algorithms",6
51180,"Theory",5
43165,"Neural_Networks",1
1132815,"Neural_Networks",1
1107385,"Neural_Networks",1
100197,"Neural_Networks",1
520471,"Rule_Learning",2
215912,"Neural_Networks",1
61312,"Genetic_Algorithms",6
1129106,"Case_Based",7
43186,"Neural_Networks",1
1129111,"Neural_Networks",1
41732,"Reinforcement_Learning",3
22869,"Case_Based",7
9513,"Theory",5
9515,"Theory",5
119712,"Genetic_Algorithms",6
270456,"Neural_Networks",1
5959,"Case_Based",7
576362,"Genetic_Algorithms",6
1153183,"Theory",5
22874,"Case_Based",7
22875,"Case_Based",7
22876,"Case_Based",7
1124837,"Probabilistic_Methods",4
1132857,"Probabilistic_Methods",4
594511,"Genetic_Algorithms",6
22883,"Theory",5
238401,"Theory",5
1136449,"Neural_Networks",1
714208,"Probabilistic_Methods",4
9559,"Rule_Learning",2
135798,"Case_Based",7
1152490,"Neural_Networks",1
1109566,"Theory",5
1103038,"Case_Based",7
177115,"Case_Based",7
523394,"Probabilistic_Methods",4
1128453,"Genetic_Algorithms",6
1109581,"Probabilistic_Methods",4
101660,"Rule_Learning",2
101662,"Theory",5
9581,"Probabilistic_Methods",4
9586,"Genetic_Algorithms",6
1135750,"Neural_Networks",1
51934,"Neural_Networks",1
762980,"Neural_Networks",1
1153900,"Genetic_Algorithms",6
593859,"Genetic_Algorithms",6
714256,"Probabilistic_Methods",4
8874,"Genetic_Algorithms",6
25794,"Neural_Networks",1
75121,"Case_Based",7
28632,"Theory",5
1153922,"Neural_Networks",1
1119742,"Probabilistic_Methods",4
63549,"Neural_Networks",1
1138619,"Rule_Learning",2
1102364,"Probabilistic_Methods",4
28640,"Theory",5
28641,"Theory",5
409725,"Rule_Learning",2
292277,"Genetic_Algorithms",6
606479,"Genetic_Algorithms",6
1153942,"Genetic_Algorithms",6
1153945,"Genetic_Algorithms",6
1153946,"Neural_Networks",1
709113,"Rule_Learning",2
194609,"Neural_Networks",1
90470,"Probabilistic_Methods",4
820661,"Neural_Networks",1
820662,"Theory",5
1105231,"Genetic_Algorithms",6
73712,"Neural_Networks",1
54844,"Theory",5
684972,"Probabilistic_Methods",4
134314,"Probabilistic_Methods",4
735303,"Genetic_Algorithms",6
824245,"Neural_Networks",1
195361,"Reinforcement_Learning",3
529165,"Neural_Networks",1
1131414,"Neural_Networks",1
617378,"Neural_Networks",1
1120563,"Case_Based",7
47570,"Case_Based",7
684986,"Neural_Networks",1
735311,"Neural_Networks",1
187354,"Rule_Learning",2
1132157,"Probabilistic_Methods",4
58436,"Case_Based",7
278403,"Neural_Networks",1
58453,"Genetic_Algorithms",6
58454,"Case_Based",7
206524,"Rule_Learning",2
593104,"Genetic_Algorithms",6
133628,"Theory",5
46887,"Neural_Networks",1
49720,"Probabilistic_Methods",4
1131471,"Case_Based",7
643597,"Probabilistic_Methods",4
1107418,"Genetic_Algorithms",6
1129994,"Probabilistic_Methods",4
573535,"Theory",5
814836,"Rule_Learning",2
1119004,"Neural_Networks",1
1134320,"Probabilistic_Methods",4
1116181,"Theory",5
1108167,"Theory",5
1108169,"Neural_Networks",1
49753,"Probabilistic_Methods",4
57773,"Rule_Learning",2
7430,"Reinforcement_Learning",3
521251,"Case_Based",7
593155,"Genetic_Algorithms",6
642894,"Probabilistic_Methods",4
1126315,"Neural_Networks",1
1108175,"Neural_Networks",1
1059953,"Theory",5
521269,"Case_Based",7
1118302,"Rule_Learning",2
1130780,"Probabilistic_Methods",4
1134346,"Probabilistic_Methods",4
1134348,"Probabilistic_Methods",4
1135082,"Neural_Networks",1
899085,"Rule_Learning",2
124952,"Probabilistic_Methods",4
240791,"Genetic_Algorithms",6
189571,"Probabilistic_Methods",4
189572,"Probabilistic_Methods",4
1126350,"Theory",5
189574,"Probabilistic_Methods",4
177993,"Genetic_Algorithms",6
27230,"Rule_Learning",2
1119078,"Theory",5
128540,"Genetic_Algorithms",6
308529,"Reinforcement_Learning",3
54131,"Genetic_Algorithms",6
75983,"Neural_Networks",1
15670,"Genetic_Algorithms",6
33818,"Neural_Networks",1
95594,"Reinforcement_Learning",3
6782,"Theory",5
33823,"Neural_Networks",1
25805,"Theory",5
1153287,"Reinforcement_Learning",3
596075,"Case_Based",7
817774,"Neural_Networks",1
18532,"Neural_Networks",1
18536,"Neural_Networks",1
235670,"Rule_Learning",2
235678,"Rule_Learning",2
235679,"Rule_Learning",2
739707,"Neural_Networks",1
17811,"Genetic_Algorithms",6
503871,"Genetic_Algorithms",6
235683,"Rule_Learning",2
1128531,"Rule_Learning",2
594649,"Genetic_Algorithms",6
1128536,"Theory",5
1102400,"Theory",5
593921,"Genetic_Algorithms",6
486840,"Genetic_Algorithms",6
1127810,"Neural_Networks",1
503893,"Genetic_Algorithms",6
399370,"Neural_Networks",1
387795,"Genetic_Algorithms",6
220420,"Genetic_Algorithms",6
593942,"Genetic_Algorithms",6
8961,"Reinforcement_Learning",3
645016,"Probabilistic_Methods",4
481073,"Reinforcement_Learning",3
11337,"Theory",5
578650,"Genetic_Algorithms",6
1130069,"Neural_Networks",1
1127851,"Rule_Learning",2
124224,"Neural_Networks",1
37483,"Case_Based",7
578669,"Genetic_Algorithms",6
1127863,"Rule_Learning",2
1135894,"Neural_Networks",1
645046,"Probabilistic_Methods",4
22229,"Genetic_Algorithms",6
149669,"Probabilistic_Methods",4
365294,"Reinforcement_Learning",3
169279,"Neural_Networks",1
1138755,"Neural_Networks",1
323128,"Theory",5
22241,"Genetic_Algorithms",6
156977,"Neural_Networks",1
763010,"Neural_Networks",1
1120650,"Rule_Learning",2
1105344,"Neural_Networks",1
59244,"Case_Based",7
286500,"Genetic_Algorithms",6
567005,"Neural_Networks",1
644361,"Probabilistic_Methods",4
644363,"Probabilistic_Methods",4
154023,"Neural_Networks",1
286513,"Genetic_Algorithms",6
459206,"Genetic_Algorithms",6
671269,"Neural_Networks",1
1105360,"Rule_Learning",2
1112650,"Probabilistic_Methods",4
632796,"Probabilistic_Methods",4
47682,"Neural_Networks",1
47683,"Case_Based",7
47684,"Case_Based",7
4637,"Theory",5
642920,"Neural_Networks",1
634902,"Genetic_Algorithms",6
459213,"Genetic_Algorithms",6
459214,"Genetic_Algorithms",6
634904,"Genetic_Algorithms",6
459216,"Genetic_Algorithms",6
20821,"Rule_Learning",2
178718,"Genetic_Algorithms",6
1108209,"Genetic_Algorithms",6
1112665,"Neural_Networks",1
1104647,"Genetic_Algorithms",6
1140289,"Neural_Networks",1
66563,"Genetic_Algorithms",6
67292,"Neural_Networks",1
66564,"Genetic_Algorithms",6
154047,"Neural_Networks",1
642930,"Neural_Networks",1
654519,"Genetic_Algorithms",6
178727,"Genetic_Algorithms",6
1135108,"Probabilistic_Methods",4
593201,"Genetic_Algorithms",6
162075,"Neural_Networks",1
593209,"Genetic_Algorithms",6
107569,"Neural_Networks",1
1123530,"Genetic_Algorithms",6
1135115,"Neural_Networks",1
1132285,"Theory",5
1131557,"Genetic_Algorithms",6
162080,"Neural_Networks",1
3932,"Case_Based",7
593210,"Genetic_Algorithms",6
118424,"Neural_Networks",1
1135122,"Neural_Networks",1
634938,"Genetic_Algorithms",6
1131565,"Neural_Networks",1
20857,"Rule_Learning",2
118435,"Neural_Networks",1
118436,"Neural_Networks",1
643695,"Probabilistic_Methods",4
1130847,"Genetic_Algorithms",6
1111978,"Probabilistic_Methods",4
1154012,"Probabilistic_Methods",4
1108258,"Case_Based",7
49844,"Rule_Learning",2
49847,"Rule_Learning",2
189620,"Probabilistic_Methods",4
189623,"Probabilistic_Methods",4
1108267,"Case_Based",7
1050679,"Genetic_Algorithms",6
634975,"Genetic_Algorithms",6
1114838,"Theory",5
577227,"Genetic_Algorithms",6
28026,"Case_Based",7
601561,"Rule_Learning",2
24476,"Probabilistic_Methods",4
1026,"Genetic_Algorithms",6
95642,"Case_Based",7
270600,"Neural_Networks",1
145384,"Reinforcement_Learning",3
16461,"Neural_Networks",1
35335,"Neural_Networks",1
1138027,"Case_Based",7
1035,"Reinforcement_Learning",3
1114864,"Case_Based",7
1154068,"Probabilistic_Methods",4
449841,"Rule_Learning",2
1154071,"Probabilistic_Methods",4
1106854,"Neural_Networks",1
210309,"Theory",5
801170,"Genetic_Algorithms",6
251756,"Genetic_Algorithms",6
645870,"Probabilistic_Methods",4
144679,"Case_Based",7
1138043,"Theory",5
86923,"Neural_Networks",1
342802,"Neural_Networks",1
1152633,"Probabilistic_Methods",4
711527,"Theory",5
684372,"Neural_Networks",1
216878,"Theory",5
62274,"Theory",5
72406,"Reinforcement_Learning",3
101811,"Theory",5
246618,"Genetic_Algorithms",6
1136631,"Theory",5
1152676,"Genetic_Algorithms",6
235776,"Theory",5
57119,"Genetic_Algorithms",6
119956,"Neural_Networks",1
948147,"Neural_Networks",1
739816,"Neural_Networks",1
3222,"Case_Based",7
1117786,"Rule_Learning",2
1110520,"Neural_Networks",1
36802,"Probabilistic_Methods",4
3232,"Theory",5
3237,"Probabilistic_Methods",4
1111265,"Neural_Networks",1
695284,"Theory",5
37541,"Theory",5
1110546,"Genetic_Algorithms",6
71736,"Probabilistic_Methods",4
1135955,"Neural_Networks",1
12155,"Theory",5
258259,"Neural_Networks",1
1114118,"Neural_Networks",1
606647,"Genetic_Algorithms",6
12165,"Theory",5
1110563,"Neural_Networks",1
12169,"Theory",5
1133004,"Neural_Networks",1
1133008,"Neural_Networks",1
1102567,"Case_Based",7
12195,"Theory",5
28851,"Genetic_Algorithms",6
644427,"Probabilistic_Methods",4
1113438,"Genetic_Algorithms",6
1121459,"Case_Based",7
689439,"Rule_Learning",2
633585,"Probabilistic_Methods",4
31083,"Theory",5
6152,"Reinforcement_Learning",3
1119987,"Case_Based",7
1114184,"Neural_Networks",1
82664,"Case_Based",7
82666,"Case_Based",7
672070,"Neural_Networks",1
672071,"Neural_Networks",1
632874,"Probabilistic_Methods",4
1114192,"Neural_Networks",1
644470,"Probabilistic_Methods",4
5462,"Neural_Networks",1
594011,"Genetic_Algorithms",6
20924,"Probabilistic_Methods",4
1131634,"Neural_Networks",1
1120786,"Neural_Networks",1
1112767,"Neural_Networks",1
180301,"Probabilistic_Methods",4
160705,"Neural_Networks",1
628458,"Neural_Networks",1
628459,"Neural_Networks",1
1130915,"Neural_Networks",1
1116336,"Probabilistic_Methods",4
390889,"Neural_Networks",1
57922,"Theory",5
594039,"Genetic_Algorithms",6
13654,"Neural_Networks",1
57932,"Neural_Networks",1
73972,"Case_Based",7
198443,"Genetic_Algorithms",6
60159,"Neural_Networks",1
101143,"Case_Based",7
101145,"Case_Based",7
763181,"Neural_Networks",1
44121,"Probabilistic_Methods",4
593328,"Genetic_Algorithms",6
259772,"Case_Based",7
189708,"Probabilistic_Methods",4
60169,"Neural_Networks",1
24530,"Reinforcement_Learning",3
467383,"Genetic_Algorithms",6
20972,"Reinforcement_Learning",3
13686,"Neural_Networks",1
152731,"Neural_Networks",1
118558,"Reinforcement_Learning",3
118559,"Reinforcement_Learning",3
1154123,"Neural_Networks",1
1154124,"Neural_Networks",1
1126503,"Case_Based",7
40583,"Probabilistic_Methods",4
95719,"Probabilistic_Methods",4
693143,"Theory",5
36131,"Probabilistic_Methods",4
1123689,"Probabilistic_Methods",4
6913,"Probabilistic_Methods",4
256106,"Neural_Networks",1
36140,"Theory",5
1115670,"Rule_Learning",2
1108389,"Probabilistic_Methods",4
6923,"Rule_Learning",2
6925,"Neural_Networks",1
36162,"Probabilistic_Methods",4
62329,"Genetic_Algorithms",6
36167,"Reinforcement_Learning",3
6941,"Rule_Learning",2
245288,"Reinforcement_Learning",3
62333,"Neural_Networks",1
189774,"Probabilistic_Methods",4
1133846,"Neural_Networks",1
167205,"Rule_Learning",2
62347,"Reinforcement_Learning",3
267003,"Neural_Networks",1
1114992,"Neural_Networks",1
1112026,"Neural_Networks",1
1119295,"Rule_Learning",2
1111304,"Reinforcement_Learning",3
964248,"Probabilistic_Methods",4
45603,"Reinforcement_Learning",3
1109830,"Neural_Networks",1
1152761,"Genetic_Algorithms",6
62389,"Case_Based",7
444191,"Neural_Networks",1
263482,"Rule_Learning",2
263486,"Rule_Learning",2
263498,"Genetic_Algorithms",6
675756,"Neural_Networks",1
1125895,"Reinforcement_Learning",3
627024,"Neural_Networks",1
12211,"Theory",5
643069,"Probabilistic_Methods",4
1112075,"Neural_Networks",1
884094,"Probabilistic_Methods",4
120817,"Neural_Networks",1
1110628,"Probabilistic_Methods",4
18770,"Probabilistic_Methods",4
18773,"Probabilistic_Methods",4
173863,"Probabilistic_Methods",4
1130243,"Probabilistic_Methods",4
1102625,"Case_Based",7
63812,"Case_Based",7
18781,"Theory",5
18785,"Probabilistic_Methods",4
1129494,"Neural_Networks",1
578845,"Genetic_Algorithms",6
68115,"Case_Based",7
293271,"Reinforcement_Learning",3
63835,"Case_Based",7
1919,"Probabilistic_Methods",4
164,"Theory",5
293285,"Theory",5
12275,"Neural_Networks",1
1103383,"Genetic_Algorithms",6
1114239,"Genetic_Algorithms",6
6215,"Reinforcement_Learning",3
288107,"Theory",5
385067,"Case_Based",7
1121537,"Theory",5
1103394,"Case_Based",7
6224,"Reinforcement_Learning",3
2663,"Neural_Networks",1
104840,"Theory",5
632935,"Probabilistic_Methods",4
1106236,"Case_Based",7
375605,"Genetic_Algorithms",6
1132406,"Neural_Networks",1
28964,"Probabilistic_Methods",4
308003,"Rule_Learning",2
47839,"Reinforcement_Learning",3
753070,"Theory",5
563613,"Neural_Networks",1
1132416,"Neural_Networks",1
2695,"Neural_Networks",1
2696,"Neural_Networks",1
2698,"Neural_Networks",1
1105530,"Neural_Networks",1
1113551,"Case_Based",7
688824,"Neural_Networks",1
1138968,"Genetic_Algorithms",6
1120858,"Neural_Networks",1
40605,"Probabilistic_Methods",4
1132443,"Neural_Networks",1
1999,"Theory",5
33325,"Theory",5
644577,"Probabilistic_Methods",4
66751,"Theory",5
594119,"Genetic_Algorithms",6
1132461,"Neural_Networks",1
1115701,"Probabilistic_Methods",4
1131741,"Genetic_Algorithms",6
270085,"Genetic_Algorithms",6
1136040,"Neural_Networks",1
1131752,"Genetic_Algorithms",6
1131754,"Genetic_Algorithms",6
4878,"Case_Based",7
1123756,"Genetic_Algorithms",6
1135345,"Neural_Networks",1
1107728,"Neural_Networks",1
1154232,"Probabilistic_Methods",4
1154233,"Probabilistic_Methods",4
17363,"Neural_Networks",1
1213,"Rule_Learning",2
149139,"Theory",5
28230,"Probabilistic_Methods",4
50838,"Neural_Networks",1
1125906,"Probabilistic_Methods",4
32698,"Probabilistic_Methods",4
754594,"Neural_Networks",1
1133930,"Rule_Learning",2
1115790,"Neural_Networks",1
28249,"Reinforcement_Learning",3
1237,"Neural_Networks",1
684531,"Neural_Networks",1
238099,"Rule_Learning",2
131042,"Neural_Networks",1
444240,"Genetic_Algorithms",6
1112106,"Neural_Networks",1
27535,"Probabilistic_Methods",4
28267,"Case_Based",7
1120138,"Neural_Networks",1
1117920,"Probabilistic_Methods",4
1125944,"Case_Based",7
1118658,"Theory",5
263553,"Neural_Networks",1
1125953,"Rule_Learning",2
114308,"Reinforcement_Learning",3
630817,"Neural_Networks",1
687401,"Neural_Networks",1
594900,"Genetic_Algorithms",6
10174,"Theory",5
73323,"Case_Based",7
46431,"Neural_Networks",1
202520,"Probabilistic_Methods",4
15987,"Probabilistic_Methods",4
10186,"Theory",5
294030,"Probabilistic_Methods",4
675847,"Neural_Networks",1
190697,"Genetic_Algorithms",6
576795,"Genetic_Algorithms",6
1125993,"Case_Based",7
519318,"Probabilistic_Methods",4
1120197,"Neural_Networks",1
1152896,"Case_Based",7
1122304,"Neural_Networks",1
2702,"Neural_Networks",1
1129572,"Neural_Networks",1
1112194,"Neural_Networks",1
29738,"Probabilistic_Methods",4
1128868,"Neural_Networks",1
633721,"Probabilistic_Methods",4
630890,"Neural_Networks",1
1123068,"Probabilistic_Methods",4
561568,"Probabilistic_Methods",4
733534,"Neural_Networks",1
1102751,"Theory",5
1114336,"Case_Based",7
1123087,"Neural_Networks",1
6311,"Theory",5
116512,"Neural_Networks",1
6318,"Case_Based",7
7047,"Reinforcement_Learning",3
1123093,"Rule_Learning",2
1103499,"Probabilistic_Methods",4
151430,"Rule_Learning",2
431206,"Probabilistic_Methods",4
372862,"Rule_Learning",2
561593,"Probabilistic_Methods",4
1106330,"Case_Based",7
1105603,"Neural_Networks",1
1132505,"Neural_Networks",1
74821,"Probabilistic_Methods",4
6344,"Case_Based",7
116545,"Genetic_Algorithms",6
733576,"Neural_Networks",1
1112911,"Genetic_Algorithms",6
1105622,"Neural_Networks",1
1102794,"Rule_Learning",2
262108,"Neural_Networks",1
116552,"Genetic_Algorithms",6
41417,"Case_Based",7
1140543,"Neural_Networks",1
14529,"Case_Based",7
1117219,"Neural_Networks",1
1107095,"Rule_Learning",2
1140548,"Neural_Networks",1
523010,"Neural_Networks",1
42156,"Neural_Networks",1
262121,"Genetic_Algorithms",6
22564,"Case_Based",7
14545,"Neural_Networks",1
22566,"Case_Based",7
1106388,"Rule_Learning",2
429781,"Theory",5
335042,"Neural_Networks",1
219218,"Probabilistic_Methods",4
610529,"Neural_Networks",1
250566,"Case_Based",7
1104946,"Theory",5
195792,"Genetic_Algorithms",6
1152179,"Neural_Networks",1
89308,"Case_Based",7
350373,"Theory",5
628667,"Reinforcement_Learning",3
628668,"Reinforcement_Learning",3
102061,"Genetic_Algorithms",6
430574,"Neural_Networks",1
1107808,"Neural_Networks",1
1110028,"Theory",5
45052,"Probabilistic_Methods",4
89335,"Case_Based",7
252715,"Rule_Learning",2
4983,"Genetic_Algorithms",6
646837,"Genetic_Algorithms",6
1139009,"Neural_Networks",1
252725,"Rule_Learning",2
593544,"Genetic_Algorithms",6
299195,"Neural_Networks",1
593559,"Genetic_Algorithms",6
1108570,"Theory",5
272345,"Case_Based",7
593560,"Genetic_Algorithms",6
70520,"Reinforcement_Learning",3
131122,"Neural_Networks",1
8591,"Rule_Learning",2
217852,"Rule_Learning",2
264347,"Theory",5
7867,"Case_Based",7
27612,"Theory",5
1152917,"Probabilistic_Methods",4
28359,"Reinforcement_Learning",3
103528,"Case_Based",7
46500,"Theory",5
27631,"Case_Based",7
289779,"Genetic_Algorithms",6
103537,"Probabilistic_Methods",4
633081,"Probabilistic_Methods",4
255628,"Neural_Networks",1
397590,"Rule_Learning",2
1129610,"Genetic_Algorithms",6
50980,"Case_Based",7
28385,"Reinforcement_Learning",3
427606,"Genetic_Algorithms",6
616336,"Rule_Learning",2
1120252,"Probabilistic_Methods",4
1152958,"Neural_Networks",1
1152959,"Neural_Networks",1
1385,"Neural_Networks",1
254923,"Genetic_Algorithms",6
34961,"Neural_Networks",1
46547,"Theory",5
13136,"Neural_Networks",1
1131137,"Probabilistic_Methods",4
233106,"Neural_Networks",1
561613,"Probabilistic_Methods",4
1131149,"Neural_Networks",1
1104258,"Neural_Networks",1
1152991,"Probabilistic_Methods",4
447250,"Neural_Networks",1
115188,"Neural_Networks",1
102879,"Theory",5
1131150,"Neural_Networks",1
56708,"Reinforcement_Learning",3
1128943,"Genetic_Algorithms",6
134060,"Theory",5
102884,"Theory",5
1131163,"Neural_Networks",1
4274,"Case_Based",7
1131172,"Probabilistic_Methods",4
767763,"Theory",5
152226,"Theory",5
152227,"Theory",5
626530,"Probabilistic_Methods",4
626531,"Probabilistic_Methods",4
1131180,"Probabilistic_Methods",4
1130454,"Probabilistic_Methods",4
1131184,"Neural_Networks",1
1128974,"Genetic_Algorithms",6
1128975,"Genetic_Algorithms",6
1128977,"Genetic_Algorithms",6
1128978,"Genetic_Algorithms",6
117328,"Case_Based",7
24043,"Neural_Networks",1
